{
  "eye": {
    "orientation": [
      -0.4700004458427429,
      0.13790687918663025,
      -0.19909727573394775,
      0.848788321018219
    ],
    "magnitude": 0.5773502588272095,
    "position": [
      84.33444213867188,
      148.33851623535156,
      104.32352447509766
    ]
  },
  "radius": 100,
  "type": "PERSPECTIVE"
}