{
  "eye": {
    "orientation": [
      -0.7553924322128296,
      0.2675892412662506,
      0.016982024535536766,
      0.597904622554779
    ],
    "magnitude": 0.5773502588272095,
    "position": [
      58.84746170043945,
      182.48724365234375,
      -56.88040542602539
    ]
  },
  "radius": 100,
  "type": "PERSPECTIVE"
}