{
  "eye": {
    "orientation": [
      -0.4957209825515747,
      -0.10323145985603333,
      -0.07520877569913864,
      0.859038770198822
    ],
    "magnitude": 0.5773502588272095,
    "position": [
      -20.518503189086914,
      173.391845703125,
      97.54132080078125
    ]
  },
  "radius": 100,
  "type": "PERSPECTIVE"
}